{"cameraMode":{"drawMode":0,"name":"Shaded","section":"Shading Mode"},"sceneLighting":true,"audioPlay":false,"sceneViewState":{"showFog":true,"showMaterialUpdate":false,"showSkybox":true,"showFlares":true,"showImageEffects":true,"showParticleSystems":true},"in2DMode":false,"pivot":{"x":-2.54569411277771,"y":1.9853768348693848,"z":1.9418699741363526},"rotation":{"x":0.30723515152931216,"y":0.26285088062286379,"z":-0.08871564269065857,"w":0.9103095531463623},"size":10.331023216247559,"orthographic":false}