{"cameraMode":{"drawMode":0,"name":"Shaded","section":"Shading Mode"},"sceneLighting":true,"audioPlay":false,"sceneViewState":{"showFog":true,"showMaterialUpdate":false,"showSkybox":true,"showFlares":true,"showImageEffects":true,"showParticleSystems":true},"in2DMode":false,"pivot":{"x":-2.3559677600860597,"y":-7.0929365158081059,"z":5.11741304397583},"rotation":{"x":-0.04852469637989998,"y":-0.8865205645561218,"z":0.4501098692417145,"w":-0.0955749899148941},"size":19.165382385253908,"orthographic":false}